fecha;TempAi1;Bn;Gh;Dh;CelulaTop;CelulaMid;CelulaBot;TopCal;MidCal;BotCal;Presion;VVien1;DVien1;ElevSol1;OrientSol1;TempAi2;HumRel;Bn2;G41;Gn;Pirgeo;TemPirgeo;Auxil;VVien2;DVien2;Lluvia;Limpieza;ElevSol2;OrientSol2
2021/01/06 01:59;-4.34;0.0;-3.962;-4.711;-0.277;5.932;7.041;0.424;-0.055;-0.126;931.457;0.306;311.971;0;111.953;-4.719;89.348;0.295;-3.004;0.181;223.11;-5.005;-2.209;0.384;247.75;0.0;0.0;0;111.953
2021/01/06 02:00;-4.417;0.0;-3.913;-4.911;-0.276;5.933;7.04;0.372;-0.079;-0.061;931.458;0.385;291.102;0;111.953;-4.831;89.962;0.272;-2.847;0.691;222.941;-5.059;-2.315;0.449;230.0;0.0;0.0;0;111.953
2021/01/06 02:01;-4.548;0.0;-3.886;-4.81;-0.276;5.932;7.04;0.424;-0.134;-0.013;931.458;0.438;257.176;0;111.953;-4.934;90.55;0.278;-2.779;0.364;222.92;-5.112;-2.19;0.421;227.691;0.0;0.0;0;111.953
2021/01/06 02:02;-4.668;0.0;-3.887;-4.771;-0.276;5.932;7.04;0.376;-0.069;-0.08;931.458;0.464;246.711;0;111.953;-5.011;91.152;0.287;-2.779;0.114;222.899;-5.158;-1.366;0.363;241.116;0.0;0.0;0;111.953
2021/01/06 02:03;-4.781;0.0;-3.888;-4.774;-0.276;5.932;7.041;0.376;-0.067;-0.078;931.457;0.592;244.151;0;111.953;-5.057;91.592;0.315;-2.854;-0.013;222.862;-5.197;-0.889;0.386;241.298;0.0;0.0;0;111.953
2021/01/06 02:04;-4.888;0.0;-3.805;-4.736;-0.276;5.932;7.041;0.399;-0.055;-0.114;931.458;0.626;240.253;0;111.953;-5.108;91.869;0.307;-2.848;0.433;222.828;-5.242;-2.281;0.446;251.323;0.0;0.0;0;111.953
2021/01/06 02:05;-4.931;0.0;-3.435;-4.668;-0.276;5.932;7.041;0.391;-0.115;-0.016;931.457;0.426;246.282;0;111.952;-5.118;92.227;0.296;-2.94;0.21;222.792;-5.282;-2.357;0.496;276.183;0.0;0.0;0;111.952
2021/01/06 02:06;-4.948;0.0;-3.091;-4.609;-0.276;5.932;7.041;0.376;-0.092;-0.043;931.464;0.343;247.37;0;111.952;-5.075;92.591;0.315;-2.873;0.762;222.884;-5.308;-2.909;0.543;317.575;0.0;0.0;0;111.952
2021/01/06 02:07;-4.971;0.0;-3.101;-4.698;-0.275;5.932;7.04;0.387;-0.061;-0.088;931.486;0.376;252.637;0;111.952;-5.034;92.663;0.288;-2.812;2.214;222.99;-5.322;-5.378;0.649;243.542;0.0;0.0;0;111.952
2021/01/06 02:08;-4.964;0.0;-3.212;-4.839;-0.274;5.933;7.041;0.371;-0.073;-0.071;931.491;0.513;278.25;0;111.952;-5.0;92.425;0.267;-2.861;2.079;223.032;-5.338;-4.638;0.676;80.8;0.0;0.0;0;111.952
2021/01/06 02:09;-4.927;0.0;-3.234;-4.686;-0.277;5.934;7.041;0.382;-0.103;-0.03;931.47;0.45;304.223;0;111.952;-4.932;92.177;0.218;-2.61;1.672;223.075;-5.349;-3.123;0.637;46.211;0.0;0.0;0;111.952
2021/01/06 02:10;-4.893;0.0;-3.159;-4.631;-0.277;5.934;7.041;0.469;-0.076;-0.131;931.482;0.442;331.103;0;111.952;-4.868;91.908;0.216;-2.549;1.498;223.202;-5.353;-3.72;0.537;90.527;0.0;0.0;0;111.952
2021/01/06 02:11;-4.859;0.0;-3.008;-4.523;-0.275;5.933;7.041;0.467;-0.072;-0.13;931.515;0.542;182.479;0;111.951;-4.836;91.654;0.321;-2.712;0.792;223.209;-5.364;-3.037;0.486;149.825;0.0;0.0;0;111.952
2021/01/06 02:12;-4.785;0.017;-2.834;-4.159;-0.277;5.931;7.041;0.478;-0.082;-0.125;931.572;0.582;18.018;0;111.951;-4.796;91.45;0.336;-2.706;0.159;223.092;-5.374;-1.555;0.425;221.367;0.0;0.0;0;111.951
2021/01/06 02:13;-4.735;0.026;-2.679;-4.624;-0.279;5.936;7.039;0.412;-0.053;-0.122;931.605;0.501;22.816;0;111.951;-4.742;91.21;0.311;-2.619;0.048;223.209;-5.391;-1.198;0.304;245.8;0.0;0.0;0;111.951
2021/01/06 02:14;-4.706;0.008;-2.58;-4.714;-0.278;5.937;7.039;0.472;-0.073;-0.131;931.609;0.357;16.539;0;111.951;-4.672;90.993;0.296;-2.54;0.402;223.115;-5.406;-2.108;0.281;232.933;0.0;0.0;0;111.951
2021/01/06 02:15;-4.674;0.0;-2.517;-4.14;-0.279;5.933;7.042;0.488;-0.125;-0.065;931.646;0.413;152.349;0;111.951;-4.626;90.604;0.265;-2.473;0.53;222.999;-5.424;-2.447;0.315;208.983;0.0;0.0;0;111.951
2021/01/06 02:16;-4.637;0.0;-2.49;-4.148;-0.279;5.934;7.042;0.381;-0.101;-0.028;931.652;0.321;289.255;0;111.951;-4.643;90.063;0.266;-2.411;0.375;223.047;-5.445;-2.408;0.343;195.333;0.0;0.0;0;111.951
2021/01/06 02:17;-4.586;0.0;-2.563;-4.465;-0.274;5.933;7.041;0.378;-0.065;-0.081;931.652;0.303;284.211;0;111.951;-4.668;89.893;0.269;-2.305;0.747;222.992;-5.464;-3.114;0.313;203.124;0.0;0.0;0;111.951
2021/01/06 02:18;-4.559;0.0;-2.655;-4.55;-0.275;5.934;7.041;0.415;-0.055;-0.12;931.664;0.326;255.452;0;111.951;-4.64;90.159;0.266;-2.227;0.988;222.974;-5.479;-3.192;0.344;217.215;0.0;0.0;0;111.951
2021/01/06 02:19;-4.577;0.0;-2.74;-4.522;-0.274;5.932;7.041;0.402;-0.058;-0.105;931.664;0.355;216.535;0;111.951;-4.589;90.352;0.233;-2.198;0.887;223.061;-5.495;-1.889;0.25;214.283;0.0;0.0;0;111.951
2021/01/06 02:20;-4.591;0.0;-2.823;-4.436;-0.274;5.931;7.041;0.472;-0.072;-0.13;931.664;0.36;231.472;0;111.951;-4.582;90.158;0.227;-2.299;0.529;222.954;-5.519;-2.171;0.161;171.35;0.0;0.0;0;111.951
2021/01/06 02:21;-4.537;0.0;-2.904;-4.641;-0.275;5.932;7.041;0.49;-0.119;-0.08;931.664;0.285;255.482;0;111.951;-4.612;89.84;0.231;-2.403;0.785;222.887;-5.547;-2.158;0.188;151.313;0.0;0.0;0;111.951
2021/01/06 02:22;-4.507;0.0;-2.988;-4.774;-0.276;5.934;7.041;0.446;-0.061;-0.131;931.664;0.246;255.014;0;111.95;-4.645;89.671;0.254;-2.591;0.336;223.119;-5.57;-0.276;0.18;157.62;0.0;0.0;0;111.95
2021/01/06 02:23;-4.568;0.0;-3.085;-4.67;-0.274;5.932;7.041;0.374;-0.076;-0.063;931.664;0.218;284.806;0;111.95;-4.667;89.642;0.266;-2.586;0.148;223.162;-5.581;-0.902;0.303;124.617;0.0;0.0;0;111.95
2021/01/06 02:24;-4.64;0.0;-3.188;-4.921;-0.274;5.933;7.04;0.496;-0.101;-0.1;931.664;0.171;320.311;0;111.95;-4.678;89.718;0.261;-2.402;0.507;223.16;-5.581;-1.66;0.356;125.005;0.0;0.0;0;111.95
2021/01/06 02:25;-4.663;0.0;-3.29;-4.929;-0.276;5.933;7.041;0.426;-0.055;-0.126;931.663;0.183;208.709;0;111.95;-4.703;89.846;0.274;-2.228;0.511;223.239;-5.57;-1.846;0.529;100.355;0.0;0.0;0;111.95
2021/01/06 02:26;-4.662;0.112;-3.342;-4.746;-0.276;5.931;7.042;0.413;-0.049;-0.116;931.663;0.355;80.027;0;111.95;-4.667;90.245;0.268;-1.767;1.25;223.423;-5.54;-2.791;0.556;78.905;0.0;0.0;0;111.95
2021/01/06 02:27;-4.658;0.405;-3.207;-4.855;-0.277;5.933;7.041;0.472;-0.133;-0.049;931.663;0.522;59.816;0;111.95;-4.568;90.52;0.272;-1.413;0.99;223.644;-5.504;-1.88;0.414;94.089;0.0;0.0;0;111.95
2021/01/06 02:28;-4.663;0.615;-2.91;-4.947;-0.275;5.933;7.041;0.383;-0.058;-0.086;931.663;0.654;55.382;0;111.95;-4.475;90.357;0.295;-1.215;0.76;223.76;-5.469;-1.722;0.349;129.641;0.0;0.0;0;111.95
2021/01/06 02:29;-4.571;0.948;-2.549;-4.661;-0.273;5.932;7.041;0.484;-0.088;-0.117;931.663;0.679;58.082;0;111.95;-4.41;89.906;0.261;-1.182;0.658;223.983;-5.444;-1.108;0.248;161.737;0.0;0.0;0;111.95
2021/01/06 02:30;-4.436;1.128;-2.181;-4.471;-0.275;5.933;7.041;0.489;-0.123;-0.07;931.663;0.611;65.975;0;111.95;-4.333;89.695;0.363;-1.507;-0.163;224.338;-5.426;0.233;0.229;153.808;0.0;0.0;0;111.95
2021/01/06 02:31;-4.35;0.906;-1.866;-4.276;-0.277;5.934;7.04;0.493;-0.122;-0.068;931.663;0.479;63.714;0;111.95;-4.177;89.683;0.435;-1.478;0.134;224.416;-5.403;-1.508;0.214;205.646;0.0;0.0;0;111.95
2021/01/06 02:32;-4.301;0.565;-1.681;-4.531;-0.269;5.933;7.04;0.422;-0.132;-0.012;931.663;0.4;63.591;0;111.95;-4.109;88.879;0.355;-1.356;0.171;224.386;-5.4;-1.314;0.176;200.692;0.0;0.0;0;111.95
2021/01/06 02:33;-4.241;0.421;-1.582;-4.805;-0.269;5.936;7.04;0.471;-0.135;-0.049;931.663;0.301;86.777;0;111.949;-4.157;87.986;0.361;-1.584;-0.364;224.32;-5.413;-0.049;0.149;147.636;0.0;0.0;0;111.949
2021/01/06 02:34;-4.096;0.398;-1.525;-4.257;-0.281;5.939;7.04;0.449;-0.064;-0.133;931.664;0.203;66.991;0;111.949;-4.18;87.866;0.344;-1.722;-0.145;224.131;-5.422;-0.444;0.216;175.424;0.0;0.0;0;111.949
2021/01/06 02:35;-4.074;0.14;-1.588;-3.905;-0.277;5.933;7.041;0.375;-0.086;-0.048;931.663;0.207;52.163;0;111.949;-4.152;88.124;0.337;-1.755;0.069;224.138;-5.423;-1.029;0.269;208.915;0.0;0.0;0;111.949
2021/01/06 02:36;-4.17;0.003;-1.721;-3.98;-0.274;5.932;7.041;0.49;-0.118;-0.078;931.662;0.194;52.865;0;111.949;-4.058;88.195;0.381;-1.93;-0.325;224.022;-5.416;-0.375;0.333;203.219;0.0;0.0;0;111.949
2021/01/06 02:37;-4.193;0.0;-1.886;-4.206;-0.278;5.935;7.041;0.412;-0.122;-0.013;931.663;0.158;165.379;0;111.949;-3.957;87.689;0.415;-1.912;-0.67;223.933;-5.398;0.586;0.361;181.925;0.0;0.0;0;111.949
2021/01/06 02:38;-4.123;0.0;-2.071;-4.497;-0.273;5.933;7.04;0.373;-0.083;-0.05;931.663;0.186;253.449;0;111.949;-3.899;86.981;0.391;-1.535;-0.418;223.926;-5.372;-0.063;0.301;189.825;0.0;0.0;0;111.949
2021/01/06 02:39;-3.99;0.0;-2.161;-4.011;-0.274;5.93;7.041;0.439;-0.054;-0.13;931.663;0.254;225.163;0;111.948;-3.871;86.583;0.288;-1.279;0.178;223.932;-5.353;-0.491;0.236;203.695;0.0;0.0;0;111.948
2021/01/06 02:40;-3.878;0.105;-2.136;-3.216;-0.28;5.926;7.044;0.414;-0.125;-0.011;931.663;0.278;211.379;0;111.948;-3.86;86.628;0.313;-1.289;-0.103;224.13;-5.341;-0.182;0.219;193.169;0.0;0.0;0;111.948
2021/01/06 02:41;-3.838;0.393;-2.026;-3.126;-0.28;5.926;7.043;0.372;-0.083;-0.051;931.703;0.301;215.721;0;111.948;-3.811;87.119;0.342;-1.176;0.667;224.542;-5.333;-2.711;0.237;188.59;0.0;0.0;0;111.948
2021/01/06 02:42;-3.857;0.416;-1.872;-4.358;-0.274;5.934;7.04;0.458;-0.138;-0.029;931.795;0.266;254.204;0;111.948;-3.752;87.368;0.263;-0.995;1.945;224.643;-5.319;-4.395;0.208;170.642;0.0;0.0;0;111.948
2021/01/06 02:43;-3.867;0.155;-1.785;-4.833;-0.277;5.939;7.039;0.49;-0.099;-0.109;931.846;0.2;250.607;0;111.948;-3.734;87.174;0.338;-1.031;1.276;224.535;-5.294;-3.309;0.218;161.392;0.0;0.0;0;111.948
2021/01/06 02:44;-3.807;0.033;-1.806;-3.766;-0.283;5.934;7.042;0.389;-0.058;-0.097;931.846;0.145;238.835;0;111.948;-3.716;86.724;0.448;-0.912;0.853;224.715;-5.27;-3.748;0.244;182.375;0.0;0.0;0;111.948
2021/01/06 02:45;-3.742;0.114;-1.878;-3.289;-0.277;5.925;7.043;0.409;-0.125;-0.011;931.847;0.16;227.623;0;111.948;-3.713;86.166;0.453;-0.77;0.569;224.67;-5.256;-3.958;0.246;179.415;0.0;0.0;0;111.948
2021/01/06 02:46;-3.691;0.324;-1.888;-3.988;-0.272;5.928;7.042;0.394;-0.115;-0.013;931.847;0.253;176.264;0;111.948;-3.73;86.151;0.352;-0.787;1.12;224.63;-5.249;-4.304;0.251;160.099;0.0;0.0;0;111.948
2021/01/06 02:47;-3.65;0.671;-1.782;-4.649;-0.278;5.937;7.039;0.385;-0.054;-0.095;931.848;0.299;150.777;0;111.948;-3.694;86.819;0.277;-0.708;2.029;224.711;-5.228;-4.1;0.279;196.865;0.0;0.0;0;111.948
2021/01/06 02:48;-3.676;0.561;-1.659;-5.104;-0.278;5.94;7.038;0.491;-0.097;-0.111;931.847;0.214;250.088;0;111.948;-3.633;87.215;0.263;-0.744;1.715;224.529;-5.192;-3.398;0.3;246.889;0.0;0.0;0;111.948
2021/01/06 02:49;-3.718;0.106;-1.637;-5.155;-0.278;5.941;7.039;0.486;-0.088;-0.118;931.847;0.138;337.372;0;111.948;-3.669;86.765;0.276;-0.955;1.099;224.393;-5.157;-3.034;0.389;186.408;0.0;0.0;0;111.948
2021/01/06 02:50;-3.69;0.142;-1.617;-4.781;-0.285;5.942;7.039;0.475;-0.073;-0.13;931.83;0.192;338.894;0;111.947;-3.806;86.475;0.299;-1.069;0.94;224.454;-5.134;-2.192;0.603;85.442;0.0;0.0;0;111.947
2021/01/06 02:51;-3.668;0.2;-1.485;-4.532;-0.287;5.941;7.039;0.454;-0.063;-0.132;931.762;0.289;177.988;0;111.947;-3.901;86.854;0.347;-1.241;0.771;224.439;-5.111;-2.007;0.82;43.8;0.0;0.0;0;111.947
2021/01/06 02:52;-3.758;0.11;-1.368;-4.212;-0.285;5.94;7.039;0.496;-0.108;-0.093;931.687;0.331;10.486;0;111.947;-3.862;87.259;0.456;-1.436;0.31;224.496;-5.071;-1.805;0.952;21.108;0.0;0.0;0;111.947
2021/01/06 02:53;-3.886;0.183;-1.384;-3.923;-0.278;5.935;7.04;0.374;-0.08;-0.05;931.664;0.441;10.679;0;111.947;-3.801;87.26;0.44;-1.41;0.676;224.576;-5.025;-1.344;0.844;38.633;0.0;0.0;0;111.947
2021/01/06 04:48;-4.478;0.007;-3.103;-3.772;-0.278;5.933;7.042;0.377;-0.073;-0.055;931.54;0.307;220.32;0;111.934;-4.169;87.785;0.362;-2.006;0.426;223.049;-5.013;-3.099;0.612;206.667;0.0;0.0;0;111.934
2021/01/06 04:49;-4.372;0.0;-3.067;-4.065;-0.274;5.932;7.041;0.403;-0.131;-0.015;931.572;0.22;329.348;0;111.934;-4.394;86.498;0.389;-1.933;-0.034;222.356;-5.059;-2.46;0.782;196.642;0.0;0.0;0;111.934
2021/01/06 04:50;-4.203;0.01;-3.02;-4.227;-0.272;5.932;7.041;0.489;-0.106;-0.092;931.53;0.244;267.969;0;111.934;-4.728;86.729;0.305;-1.864;0.237;222.17;-5.123;-1.251;0.934;190.525;0.0;0.0;0;111.934
2021/01/06 04:51;-4.214;0.019;-2.978;-4.821;-0.268;5.935;7.04;0.49;-0.115;-0.079;931.497;0.384;228.928;0;111.934;-4.99;87.866;0.178;-1.768;1.297;221.854;-5.194;-2.098;0.836;189.858;0.0;0.0;0;111.934
2021/01/06 04:52;-4.543;0.009;-2.968;-4.804;-0.262;5.932;7.041;0.465;-0.132;-0.037;931.481;0.568;206.685;0;111.934;-5.168;89.036;0.251;-2.094;0.292;221.814;-5.264;-0.699;0.573;182.058;0.0;0.0;0;111.934
2021/01/06 04:53;-4.884;0.0;-2.958;-3.768;-0.274;5.929;7.043;0.377;-0.1;-0.016;931.456;0.76;189.817;0;111.934;-5.251;89.996;0.282;-2.321;0.22;222.019;-5.319;-0.874;0.425;156.008;0.0;0.0;0;111.934
2021/01/06 04:54;-5.11;0.0;-2.986;-4.385;-0.277;5.936;7.041;0.466;-0.068;-0.136;931.456;0.665;183.608;0;111.933;-5.244;90.773;0.277;-2.401;0.774;222.424;-5.34;-2.341;0.484;150.725;0.0;0.0;0;111.933
2021/01/06 04:55;-5.227;0.0;-3.094;-5.261;-0.273;5.941;7.039;0.493;-0.11;-0.09;931.456;0.472;187.87;0;111.933;-5.136;91.466;0.307;-2.469;0.843;222.793;-5.345;-2.832;0.372;165.78;0.0;0.0;0;111.933
2021/01/06 04:56;-5.24;0.0;-3.316;-4.502;-0.278;5.936;7.04;0.475;-0.073;-0.133;931.456;0.341;201.566;0;111.933;-4.982;91.702;0.299;-2.46;1.092;222.491;-5.358;-3.092;0.241;152.905;0.0;0.0;0;111.933
2021/01/06 04:57;-5.157;0.0;-3.57;-4.333;-0.274;5.931;7.042;0.436;-0.132;-0.047;931.455;0.402;187.165;0;111.933;-4.909;91.208;0.324;-2.58;0.388;222.188;-5.371;-1.697;0.326;156.858;0.0;0.0;0;111.933
2021/01/06 04:58;-5.017;0.001;-3.625;-4.108;-0.274;5.929;7.043;0.379;-0.103;-0.028;931.455;0.356;225.878;0;111.933;-4.883;90.513;0.325;-2.501;0.416;222.177;-5.376;-1.533;0.589;184.967;0.0;0.0;0;111.933
2021/01/06 04:59;-4.959;0.001;-3.563;-4.175;-0.275;5.93;7.043;0.441;-0.136;-0.019;931.456;0.212;178.611;0;111.933;-4.875;89.933;0.35;-2.309;0.232;221.904;-5.379;-1.536;0.894;199.025;0.0;0.0;0;111.933
2021/01/06 05:00;-4.941;0.0;-3.575;-4.816;-0.274;5.935;7.041;0.371;-0.073;-0.064;931.463;0.296;151.064;0;111.933;-4.998;89.448;0.35;-2.113;-0.128;221.383;-5.408;-1.002;0.95;202.5;0.0;0.0;0;111.933
2021/01/06 05:01;-4.863;0.062;-3.577;-4.641;-0.274;5.933;7.042;0.427;-0.057;-0.129;931.506;0.423;211.916;0;111.933;-5.188;89.71;0.335;-1.958;0.263;220.873;-5.463;-1.153;0.629;186.742;0.0;0.0;0;111.933
2021/01/06 05:02;-4.839;0.214;-3.439;-4.542;-0.276;5.934;7.042;0.496;-0.108;-0.086;931.592;0.563;190.842;0;111.933;-5.307;90.502;0.362;-2.069;0.412;220.633;-5.514;-1.476;0.466;191.717;0.0;0.0;0;111.933
2021/01/06 05:03;-5.016;0.153;-3.232;-4.41;-0.276;5.934;7.042;0.372;-0.073;-0.066;931.653;0.743;196.153;0;111.933;-5.38;91.089;0.347;-2.204;0.692;220.642;-5.566;-2.206;0.634;232.542;0.0;0.0;0;111.933
2021/01/06 05:04;-5.226;0.001;-3.116;-4.226;-0.273;5.932;7.042;0.371;-0.083;-0.052;931.663;0.661;208.31;0;111.933;-5.438;91.421;0.357;-2.328;0.752;220.679;-5.625;-2.225;0.514;260.717;0.0;0.0;0;111.933
2021/01/06 05:05;-5.306;0.0;-3.151;-4.337;-0.273;5.933;7.042;0.495;-0.113;-0.088;931.639;0.492;196.118;0;111.932;-5.496;91.543;0.43;-2.616;0.095;221.08;-5.68;-1.22;0.422;266.725;0.0;0.0;0;111.932
2021/01/06 05:06;-5.358;0.0;-3.259;-4.424;-0.275;5.934;7.041;0.457;-0.065;-0.137;931.538;0.583;226.726;0;111.932;-5.533;91.776;0.391;-2.732;0.253;221.272;-5.722;-0.848;0.458;205.619;0.0;0.0;0;111.932
2021/01/06 05:07;-5.397;0.0;-3.337;-4.388;-0.276;5.934;7.041;0.458;-0.066;-0.134;931.458;0.54;270.653;0;111.932;-5.528;92.075;0.34;-2.798;0.541;221.089;-5.76;-0.696;0.441;165.711;0.0;0.0;0;111.932
2021/01/06 05:08;-5.432;0.0;-3.391;-4.555;-0.275;5.934;7.042;0.386;-0.056;-0.092;931.455;0.414;273.282;0;111.932;-5.523;92.156;0.332;-2.738;0.476;221.274;-5.792;-0.913;0.658;132.375;0.0;0.0;0;111.932
2021/01/06 05:09;-5.444;0.0;-3.449;-4.771;-0.272;5.933;7.042;0.468;-0.071;-0.132;931.454;0.38;312.839;0;111.932;-5.477;92.192;0.371;-2.741;0.365;221.607;-5.805;-1.464;0.785;65.058;0.0;0.0;0;111.932
2021/01/06 05:10;-5.46;0.0;-3.437;-4.931;-0.274;5.936;7.041;0.486;-0.128;-0.067;931.454;0.375;354.424;0;111.932;-5.386;92.192;0.476;-3.007;-1.042;221.512;-5.805;0.347;0.662;82.408;0.0;0.0;0;111.932
2021/01/06 05:11;-5.469;0.0;-3.402;-4.47;-0.273;5.931;7.043;0.381;-0.105;-0.021;931.454;0.481;185.76;0;111.931;-5.317;92.002;0.397;-2.801;-0.833;221.302;-5.809;1.534;0.453;171.986;0.0;0.0;0;111.932
2021/01/06 05:12;-5.378;0.071;-3.309;-3.981;-0.275;5.928;7.044;0.372;-0.086;-0.051;931.453;0.622;30.489;0;111.931;-5.26;91.733;0.239;-2.428;0.895;221.175;-5.818;-0.399;0.407;257.461;0.0;0.0;0;111.932
2021/01/06 05:13;-5.252;0.274;-3.096;-4.914;-0.272;5.935;7.042;0.475;-0.133;-0.051;931.453;0.649;24.338;0;111.931;-5.221;91.44;0.225;-2.266;1.508;220.927;-5.835;-2.019;0.369;245.342;0.0;0.0;0;111.932
2021/01/06 05:14;-5.185;0.217;-2.876;-4.992;-0.262;5.932;7.043;0.469;-0.138;-0.039;931.452;0.494;154.476;0;111.931;-5.223;91.12;0.274;-2.197;1.857;220.697;-5.858;-3.85;0.298;209.7;0.0;0.0;0;111.932
2021/01/06 05:15;-5.176;0.014;-2.713;-3.959;-0.277;5.932;7.043;0.381;-0.103;-0.03;931.454;0.382;316.716;0;111.931;-5.241;90.934;0.248;-2.161;1.954;220.612;-5.88;-4.565;0.354;221.783;0.0;0.0;0;111.932
2021/01/06 05:16;-5.176;0.0;-2.637;-3.621;-0.292;5.938;7.042;0.4;-0.053;-0.107;931.455;0.388;286.877;0;111.931;-5.239;91.016;0.186;-2.105;1.847;220.519;-5.902;-2.5;0.312;208.533;0.0;0.0;0;111.931
2021/01/06 05:17;-5.18;0.0;-2.69;-4.012;-0.288;5.939;7.041;0.451;-0.062;-0.132;931.454;0.326;249.778;0;111.931;-5.245;91.093;0.275;-2.251;1.116;220.415;-5.918;-1.343;0.282;199.242;0.0;0.0;0;111.931
2021/01/06 05:18;-5.193;0.0;-2.858;-4.839;-0.272;5.937;7.041;0.487;-0.123;-0.075;931.454;0.321;251.832;0;111.931;-5.275;91.073;0.309;-2.161;1.257;220.64;-5.935;-2.161;0.32;205.65;0.0;0.0;0;111.931
2021/01/06 05:19;-5.183;0.0;-3.013;-5.395;-0.262;5.936;7.04;0.479;-0.086;-0.125;931.454;0.35;263.991;0;111.931;-5.295;91.137;0.292;-2.316;0.87;220.799;-5.961;-1.842;0.369;183.983;0.0;0.0;0;111.931
2021/01/06 05:20;-5.189;0.0;-3.091;-5.327;-0.268;5.938;7.04;0.486;-0.124;-0.067;931.454;0.324;280.923;0;111.931;-5.332;91.081;0.326;-2.635;0.037;220.803;-5.977;-0.901;0.38;140.3;0.0;0.0;0;111.931
2021/01/06 05:21;-5.22;0.0;-3.165;-4.436;-0.272;5.933;7.042;0.377;-0.071;-0.069;931.453;0.278;295.84;0;111.931;-5.333;91.218;0.35;-2.639;0.338;221.153;-5.978;-1.818;0.498;82.518;0.0;0.0;0;111.931
2021/01/06 05:22;-5.231;0.0;-3.236;-4.31;-0.27;5.93;7.043;0.402;-0.135;-0.019;931.452;0.274;154.222;0;111.93;-5.237;91.557;0.389;-2.655;0.381;221.262;-5.966;-2.483;0.669;47.526;0.0;0.0;0;111.93
2021/01/06 05:23;-5.273;0.0;-3.224;-4.743;-0.273;5.934;7.042;0.419;-0.134;-0.017;931.452;0.341;6.146;0;111.93;-5.15;91.483;0.416;-2.584;0.162;221.177;-5.944;-2.084;0.702;42.108;0.0;0.0;0;111.93
2021/01/06 05:24;-5.237;0.055;-3.149;-4.533;-0.275;5.933;7.043;0.371;-0.089;-0.04;931.452;0.435;15.857;0;111.93;-5.121;91.088;0.471;-2.5;-0.044;221.44;-5.92;-2.769;0.516;73.032;0.0;0.0;0;111.93
2021/01/06 05:25;-5.094;0.35;-2.989;-4.355;-0.274;5.932;7.043;0.459;-0.128;-0.059;931.452;0.597;25.389;0;111.93;-5.095;90.883;0.388;-2.245;0.925;221.511;-5.905;-4.025;0.431;92.586;0.0;0.0;0;111.93
2021/01/06 05:26;-4.989;0.568;-2.738;-4.37;-0.275;5.933;7.042;0.455;-0.128;-0.055;931.452;0.65;31.723;0;111.93;-5.076;90.718;0.298;-1.995;1.46;221.281;-5.901;-3.355;0.528;83.993;0.0;0.0;0;111.93
2021/01/06 05:27;-4.956;0.498;-2.504;-4.985;-0.269;5.936;7.041;0.45;-0.138;-0.033;931.452;0.511;44.256;0;111.93;-5.067;90.561;0.383;-2.147;0.819;221.181;-5.897;-2.104;0.639;139.838;0.0;0.0;0;111.93
2021/01/06 05:28;-4.951;0.239;-2.337;-5.257;-0.271;5.94;7.04;0.492;-0.122;-0.074;931.452;0.486;37.185;0;111.929;-5.023;90.726;0.423;-2.417;0.195;221.176;-5.887;-0.919;0.66;160.067;0.0;0.0;0;111.93
2021/01/06 05:29;-4.985;0.021;-2.253;-5.007;-0.278;5.942;7.04;0.481;-0.085;-0.124;931.452;0.563;15.61;0;111.929;-5.009;90.687;0.429;-2.492;-0.423;221.002;-5.88;0.047;0.452;197.225;0.0;0.0;0;111.93
2021/01/06 05:30;-4.957;0.006;-2.262;-4.468;-0.273;5.935;7.042;0.49;-0.097;-0.114;931.452;0.581;178.908;0;111.929;-5.055;90.366;0.488;-2.506;-0.703;220.925;-5.884;-0.119;0.394;252.056;0.0;0.0;0;111.93
2021/01/06 05:31;-4.895;0.016;-2.243;-3.952;-0.272;5.931;7.043;0.395;-0.054;-0.105;931.452;0.598;353.531;0;111.929;-5.059;90.429;0.427;-2.351;-0.077;220.93;-5.874;-0.698;0.638;277.473;0.0;0.0;0;111.93
2021/01/06 05:32;-4.925;0.016;-2.161;-3.956;-0.281;5.937;7.043;0.379;-0.063;-0.081;931.453;0.559;351.519;0;111.929;-5.011;90.75;0.411;-2.138;0.279;220.935;-5.839;-0.877;0.642;268.676;0.0;0.0;0;111.93
2021/01/06 05:33;-4.971;0.0;-2.153;-3.358;-0.289;5.936;7.043;0.389;-0.058;-0.103;931.454;0.419;341.992;0;111.929;-4.981;90.705;0.5;-2.118;-0.334;220.96;-5.811;-0.28;0.502;248.759;0.0;0.0;0;111.929
2021/01/06 05:34;-4.945;0.0;-2.194;-3.724;-0.284;5.936;7.043;0.396;-0.053;-0.102;931.453;0.503;338.681;0;111.929;-4.971;90.463;0.428;-1.93;0.274;221.099;-5.79;-2.03;0.436;219.759;0.0;0.0;0;111.929
2021/01/06 05:35;-4.888;0.0;-2.135;-4.291;-0.277;5.939;7.043;0.477;-0.133;-0.047;931.452;0.584;347.032;0;111.929;-4.936;90.425;0.334;-1.845;0.779;221.33;-5.772;-2.856;0.482;120.693;0.0;0.0;0;111.929
2021/01/06 05:36;-4.88;0.002;-2.054;-4.335;-0.273;5.939;7.042;0.493;-0.109;-0.09;931.451;0.468;353.043;0;111.929;-4.927;90.323;0.391;-2.186;-0.315;221.371;-5.762;-0.572;0.559;105.85;0.0;0.0;0;111.929
2021/01/06 05:37;-4.865;0.002;-2.026;-3.841;-0.279;5.939;7.042;0.449;-0.063;-0.132;931.451;0.44;182.203;0;111.929;-4.901;90.326;0.477;-2.255;-1.116;221.371;-5.759;1.003;0.546;82.412;0.0;0.0;0;111.929
2021/01/06 05:38;-4.821;0.055;-2.045;-2.911;-0.278;5.931;7.044;0.373;-0.093;-0.04;931.451;0.513;20.572;0;111.929;-4.827;90.392;0.465;-2.043;-0.937;221.314;-5.756;1.623;0.591;106.72;0.0;0.0;0;111.929
2021/01/06 05:39;-4.803;0.224;-2.078;-3.454;-0.27;5.93;7.043;0.385;-0.061;-0.094;931.451;0.583;27.463;0;111.928;-4.816;90.087;0.418;-1.829;0.205;221.199;-5.747;-0.214;0.643;199.017;0.0;0.0;0;111.928
2021/01/06 05:40;-4.752;0.331;-2.068;-3.639;-0.268;5.93;7.043;0.416;-0.129;-0.01;931.451;0.592;31.133;0;111.928;-4.852;89.791;0.443;-1.873;0.354;221.145;-5.738;-1.112;0.612;145.067;0.0;0.0;0;111.928
2021/01/06 05:41;-4.683;0.265;-2.043;-3.126;-0.267;5.924;7.044;0.454;-0.138;-0.029;931.451;0.514;29.755;0;111.928;-4.882;89.685;0.42;-1.905;0.381;221.21;-5.73;-1.336;0.64;57.753;0.0;0.0;0;111.928
2021/01/06 05:42;-4.703;0.103;-2.019;-3.205;-0.272;5.927;7.044;0.374;-0.097;-0.034;931.451;0.514;190.809;0;111.928;-4.902;89.719;0.431;-1.938;0.449;221.16;-5.724;-1.567;0.896;30.453;0.0;0.0;0;111.928
2021/01/06 05:43;-4.75;0.0;-1.986;-3.373;-0.278;5.932;7.043;0.493;-0.096;-0.11;931.451;0.595;178.171;0;111.928;-4.912;89.9;0.492;-2.139;0.187;221.086;-5.714;-0.707;1.109;22.017;0.0;0.0;0;111.928
2021/01/06 05:44;-4.777;0.0;-1.984;-3.651;-0.276;5.933;7.042;0.42;-0.133;-0.013;931.451;0.653;4.362;0;111.928;-4.901;90.054;0.444;-2.01;0.393;221.178;-5.682;-0.551;1.108;108.733;0.0;0.0;0;111.928
2021/01/06 05:45;-4.803;0.0;-1.98;-3.942;-0.275;5.934;7.042;0.436;-0.136;-0.02;931.451;0.781;9.798;0;111.928;-4.88;90.016;0.381;-1.517;1.233;221.235;-5.635;-2.496;1.011;188.35;0.0;0.0;0;111.928
2021/01/06 05:46;-4.82;0.036;-1.946;-4.034;-0.278;5.936;7.041;0.415;-0.052;-0.121;931.451;0.938;11.255;0;111.928;-4.786;90.22;0.469;-1.406;0.929;221.317;-5.579;-2.652;0.974;190.533;0.0;0.0;0;111.928
2021/01/06 05:47;-4.768;0.178;-1.886;-4.404;-0.273;5.937;7.041;0.474;-0.078;-0.132;931.451;0.953;6.928;0;111.928;-4.681;90.164;0.56;-1.531;-0.19;221.391;-5.532;-1.422;0.913;106.583;0.0;0.0;0;111.928
2021/01/06 05:48;-4.706;0.2;-1.772;-3.744;-0.273;5.932;7.043;0.45;-0.136;-0.027;931.451;0.891;3.962;0;111.928;-4.662;89.679;0.515;-1.307;0.598;221.485;-5.499;-3.387;0.824;93.958;0.0;0.0;0;111.928
2021/01/06 05:49;-4.565;0.183;-1.647;-3.138;-0.272;5.928;7.045;0.373;-0.077;-0.065;931.451;0.926;179.008;0;111.928;-4.645;89.541;0.464;-1.35;0.473;221.613;-5.467;-2.14;0.693;129.542;0.0;0.0;0;111.928
2021/01/06 05:50;-4.466;0.239;-1.482;-3.605;-0.276;5.936;7.042;0.484;-0.086;-0.121;931.452;0.956;181.062;0;111.927;-4.628;89.508;0.509;-1.57;0.137;221.687;-5.448;-1.58;0.613;143.45;0.0;0.0;0;111.927
2021/01/06 05:51;-4.498;0.191;-1.38;-4.146;-0.278;5.941;7.039;0.451;-0.061;-0.133;931.452;0.855;9.477;0;111.927;-4.634;89.427;0.524;-1.736;0.079;221.724;-5.448;-2.176;0.504;215.333;0.0;0.0;0;111.927
2021/01/06 05:52;-4.489;0.078;-1.415;-3.702;-0.277;5.937;7.041;0.469;-0.073;-0.132;931.451;0.661;11.909;0;111.927;-4.663;89.312;0.5;-1.905;0.061;221.674;-5.466;-1.584;0.381;268.533;0.0;0.0;0;111.927
2021/01/06 05:53;-4.476;0.0;-1.54;-3.567;-0.272;5.933;7.042;0.434;-0.135;-0.017;931.451;0.537;10.005;0;111.927;-4.71;89.272;0.505;-2.125;0.359;221.538;-5.483;-2.304;0.335;251.003;0.0;0.0;0;111.927
2021/01/06 05:54;-4.508;0.0;-1.694;-4.027;-0.265;5.932;7.041;0.49;-0.094;-0.112;931.451;0.49;173.164;0;111.927;-4.77;89.315;0.381;-2.207;0.952;221.246;-5.499;-1.595;0.36;230.828;0.0;0.0;0;111.927
2021/01/06 05:55;-4.564;0.0;-1.843;-3.955;-0.27;5.933;7.042;0.368;-0.084;-0.053;931.452;0.4;346.072;0;111.927;-4.848;89.395;0.363;-2.267;0.948;221.068;-5.525;-1.532;0.505;240.55;0.0;0.0;0;111.927
2021/01/06 05:56;-4.614;0.0;-2.062;-3.415;-0.277;5.931;7.043;0.394;-0.116;-0.018;931.451;0.31;342.729;0;111.926;-4.923;89.742;0.416;-2.386;0.318;221.109;-5.55;-1.809;0.947;163.6;0.0;0.0;0;111.926
2021/01/06 05:57;-4.697;0.0;-2.325;-3.652;-0.272;5.929;7.044;0.381;-0.105;-0.023;931.451;0.354;338.345;0;111.926;-4.974;90.347;0.394;-2.241;0.631;220.993;-5.547;-1.591;1.278;214.175;0.0;0.0;0;111.926
2021/01/06 05:58;-4.802;0.0;-2.5;-4.648;-0.271;5.937;7.042;0.493;-0.118;-0.082;931.451;0.445;344.317;0;111.926;-5.018;90.867;0.398;-2.084;0.564;220.927;-5.522;-1.887;1.264;182.342;0.0;0.0;0;111.926
2021/01/06 05:59;-4.872;0.0;-2.594;-4.143;-0.279;5.937;7.042;0.417;-0.057;-0.12;931.452;0.768;174.252;0;111.926;-5.009;91.263;0.389;-1.929;0.177;221.122;-5.502;-1.62;1.314;36.758;0.0;0.0;0;111.926
2021/01/06 06:00;-4.922;0.0;-2.546;-3.853;-0.276;5.933;7.042;0.399;-0.119;-0.014;931.452;1.069;180.397;0;111.926;-4.946;91.443;0.394;-1.633;0.392;221.282;-5.483;-1.421;1.342;43.425;0.0;0.0;0;111.926
2021/01/06 06:01;-4.945;0.0;-2.349;-3.899;-0.274;5.934;7.042;0.369;-0.075;-0.072;931.452;1.165;181.363;0;111.926;-4.86;91.354;0.442;-1.438;0.629;221.278;-5.454;-2.178;1.388;42.442;0.0;0.0;0;111.926
2021/01/06 06:02;-4.901;0.043;-2.143;-3.539;-0.275;5.934;7.042;0.436;-0.061;-0.134;931.452;1.265;6.98;0;111.926;-4.72;91.144;0.479;-1.296;0.458;221.31;-5.407;-2.127;1.505;29.8;0.0;0.0;0;111.926
2021/01/06 06:03;-4.822;0.197;-1.963;-3.462;-0.275;5.934;7.041;0.377;-0.094;-0.038;931.451;1.252;11.791;0;111.926;-4.564;90.584;0.484;-1.047;0.433;221.47;-5.342;-1.282;1.358;41.592;0.0;0.0;0;111.926
2021/01/06 06:04;-4.716;0.427;-1.806;-3.323;-0.275;5.933;7.042;0.434;-0.059;-0.132;931.451;1.208;14.338;0;111.926;-4.503;89.784;0.467;-0.945;0.73;221.594;-5.287;-1.972;1.079;30.65;0.0;0.0;0;111.926
2021/01/06 06:05;-4.523;0.736;-1.641;-3.342;-0.275;5.933;7.042;0.451;-0.139;-0.024;931.452;1.291;13.988;0;111.926;-4.569;89.344;0.471;-1.144;0.432;221.664;-5.255;-2.257;0.89;17.1;0.0;0.0;0;111.926
2021/01/06 06:06;-4.357;0.989;-1.459;-3.072;-0.276;5.933;7.042;0.408;-0.054;-0.115;931.453;1.231;16.533;0;111.926;-4.568;89.625;0.489;-1.301;0.183;221.763;-5.226;-2.26;0.825;50.058;0.0;0.0;0;111.926
2021/01/06 06:07;-4.36;0.712;-1.352;-2.995;-0.274;5.933;7.042;0.381;-0.107;-0.022;931.452;0.991;21.198;0;111.925;-4.445;89.848;0.454;-1.336;0.479;221.767;-5.185;-1.474;0.818;99.175;0.0;0.0;0;111.925
2021/01/06 06:08;-4.433;0.219;-1.383;-3.278;-0.271;5.933;7.041;0.423;-0.057;-0.125;931.452;0.858;27.578;0;111.925;-4.337;89.519;0.391;-1.311;0.852;221.858;-5.151;-0.904;0.593;104.925;0.0;0.0;0;111.925
2021/01/06 06:09;-4.379;0.111;-1.497;-3.165;-0.268;5.93;7.042;0.477;-0.127;-0.058;931.451;0.753;30.731;0;111.925;-4.295;89.089;0.406;-1.281;1.023;221.966;-5.132;-2.232;0.591;76.183;0.0;0.0;0;111.925
2021/01/06 06:10;-4.221;0.232;-1.584;-3.244;-0.274;5.934;7.042;0.493;-0.117;-0.084;931.452;0.67;25.998;0;111.925;-4.25;88.996;0.464;-1.288;1.077;222.142;-5.119;-2.994;0.792;57.925;0.0;0.0;0;111.925
2021/01/06 06:11;-4.124;0.273;-1.634;-3.661;-0.281;5.941;7.04;0.423;-0.053;-0.127;931.453;0.546;32.378;0;111.925;-4.186;89.001;0.445;-1.288;1.309;222.248;-5.109;-2.952;0.703;100.75;0.0;0.0;0;111.925
2021/01/06 06:12;-4.105;0.179;-1.734;-4.167;-0.274;5.941;7.039;0.494;-0.114;-0.085;931.453;0.594;29.262;0;111.925;-4.195;88.75;0.432;-1.54;0.52;222.158;-5.104;-1.56;0.636;108.533;0.0;0.0;0;111.925
2021/01/06 06:13;-4.032;0.156;-1.833;-3.658;-0.275;5.936;7.04;0.404;-0.053;-0.115;931.454;0.701;12.102;0;111.924;-4.229;88.805;0.525;-1.84;-0.478;222.225;-5.103;-0.54;0.766;159.567;0.0;0.0;0;111.924
2021/01/06 06:14;-3.988;0.202;-1.864;-3.209;-0.276;5.933;7.042;0.37;-0.074;-0.07;931.453;0.708;7.384;0;111.924;-4.244;89.051;0.603;-1.891;-0.369;222.252;-5.092;-0.991;0.879;270.875;0.0;0.0;0;111.924
2021/01/06 06:15;-4.043;0.105;-1.874;-3.239;-0.274;5.932;7.042;0.379;-0.064;-0.076;931.452;0.74;7.409;0;111.924;-4.272;89.19;0.59;-1.894;-0.282;222.158;-5.058;-1.079;0.944;314.542;0.0;0.0;0;111.924
2021/01/06 06:42;-4.451;0.0;-2.234;-3.549;-0.277;5.932;7.041;0.374;-0.07;-0.074;931.663;1.041;6.25;0;111.921;-4.588;90.195;0.359;-1.919;1.384;221.643;-5.011;-4.033;0.687;46.4;0.0;0.0;0;111.921
2021/01/06 06:43;-4.457;0.0;-2.215;-3.731;-0.277;5.934;7.041;0.38;-0.102;-0.024;931.663;0.913;3.43;0;111.921;-4.564;90.245;0.367;-2.131;0.467;221.83;-5.032;-1.023;0.57;110.158;0.0;0.0;0;111.921
2021/01/06 06:44;-4.471;0.0;-2.223;-3.438;-0.285;5.935;7.041;0.385;-0.058;-0.091;931.663;0.86;8.313;0;111.921;-4.525;90.164;0.31;-2.117;0.837;221.928;-5.052;-0.993;0.48;124.667;0.0;0.0;0;111.921
2021/01/06 06:45;-4.47;0.0;-2.313;-3.652;-0.281;5.935;7.041;0.488;-0.092;-0.121;931.663;0.765;14.437;0;111.921;-4.489;89.943;0.336;-1.984;1.865;221.875;-5.073;-4.076;0.445;93.543;0.0;0.0;0;111.921
2021/01/06 06:46;-4.43;0.0;-2.424;-3.956;-0.281;5.936;7.041;0.412;-0.051;-0.12;931.663;0.656;12.975;0;111.921;-4.46;89.777;0.391;-2.064;1.108;221.93;-5.087;-3.481;0.517;87.735;0.0;0.0;0;111.921
2021/01/06 06:47;-4.387;0.0;-2.508;-3.899;-0.29;5.94;7.04;0.396;-0.056;-0.106;931.664;0.548;18.341;0;111.921;-4.451;89.569;0.335;-1.882;0.926;221.994;-5.088;-3.066;0.464;107.26;0.0;0.0;0;111.921
2021/01/06 06:48;-4.364;0.0;-2.636;-4.142;-0.282;5.937;7.041;0.439;-0.061;-0.133;931.664;0.491;37.249;0;111.921;-4.438;89.511;0.308;-1.747;1.439;221.983;-5.087;-2.952;0.414;109.868;0.0;0.0;0;111.921
2021/01/06 06:49;-4.316;0.004;-2.762;-4.205;-0.277;5.935;7.041;0.497;-0.108;-0.092;931.664;0.461;48.412;0;111.921;-4.385;89.529;0.37;-1.905;1.156;221.894;-5.09;-2.148;0.493;128.033;0.0;0.0;0;111.921
2021/01/06 06:50;-4.305;0.008;-2.83;-4.06;-0.271;5.93;7.041;0.491;-0.097;-0.106;931.663;0.399;35.866;0;111.921;-4.364;89.257;0.482;-2.143;0.143;221.771;-5.099;-2.23;0.507;143.275;0.0;0.0;0;111.921
2021/01/06 06:51;-4.269;0.003;-2.845;-4.581;-0.265;5.931;7.04;0.475;-0.134;-0.045;931.662;0.388;17.052;0;111.921;-4.374;89.056;0.473;-2.361;-0.296;221.756;-5.114;-0.973;0.463;76.05;0.0;0.0;0;111.921
2021/01/06 06:52;-4.206;0.0;-2.815;-4.308;-0.271;5.933;7.041;0.47;-0.07;-0.133;931.662;0.409;17.098;0;111.92;-4.373;89.043;0.355;-2.291;1.172;221.95;-5.13;-2.707;0.353;95.138;0.0;0.0;0;111.92
2021/01/06 06:53;-4.213;0.0;-2.77;-4.04;-0.28;5.936;7.042;0.415;-0.054;-0.121;931.664;0.488;13.201;0;111.92;-4.357;89.058;0.326;-2.329;1.408;221.934;-5.137;-2.962;0.329;204.388;0.0;0.0;0;111.92
2021/01/06 06:54;-4.232;0.0;-2.752;-4.704;-0.282;5.942;7.041;0.466;-0.073;-0.13;931.664;0.449;12.151;0;111.92;-4.338;89.003;0.348;-2.415;0.679;221.815;-5.14;-1.959;0.289;208.967;0.0;0.0;0;111.92
2021/01/06 06:55;-4.23;0.0;-2.812;-4.393;-0.281;5.939;7.042;0.484;-0.129;-0.061;931.675;0.327;14.579;0;111.92;-4.312;88.934;0.342;-2.417;0.455;221.996;-5.149;-1.995;0.317;199.192;0.0;0.0;0;111.92
2021/01/06 06:56;-4.209;0.0;-2.88;-3.916;-0.281;5.934;7.043;0.383;-0.059;-0.088;931.68;0.366;6.306;0;111.92;-4.261;88.82;0.351;-2.316;0.615;222.165;-5.139;-1.808;0.398;201.367;0.0;0.0;0;111.92
2021/01/06 06:57;-4.209;0.0;-2.868;-3.877;-0.279;5.933;7.043;0.416;-0.054;-0.124;931.67;0.351;17.742;0;111.92;-4.218;88.525;0.364;-2.211;0.499;222.343;-5.117;-1.628;0.319;168.735;0.0;0.0;0;111.92
2021/01/06 06:58;-4.191;0.0;-2.859;-4.178;-0.276;5.934;7.042;0.403;-0.125;-0.01;931.669;0.385;21.991;0;111.919;-4.175;88.309;0.361;-2.083;0.285;222.535;-5.101;-1.434;0.284;159.243;0.0;0.0;0;111.92
2021/01/06 06:59;-4.119;0.0;-2.859;-4.285;-0.276;5.935;7.042;0.475;-0.076;-0.131;931.667;0.455;170.386;0;111.919;-4.101;88.185;0.337;-1.923;0.355;222.436;-5.091;-1.435;0.274;189.113;0.0;0.0;0;111.919
2021/01/06 07:00;-4.079;0.0;-2.817;-4.029;-0.277;5.934;7.042;0.427;-0.055;-0.13;931.663;0.38;181.892;0;111.919;-4.018;87.943;0.337;-1.843;0.496;222.259;-5.1;-1.688;0.256;229.564;0.0;0.0;0;111.919
2021/01/06 07:01;-4.05;0.0;-2.784;-3.882;-0.276;5.933;7.042;0.451;-0.064;-0.135;931.687;0.29;163.651;0;111.919;-3.995;87.42;0.341;-1.875;0.603;222.014;-5.12;-2.112;0.25;281.743;0.0;0.0;0;111.919
2021/01/06 07:02;-4.019;0.0;-2.793;-3.885;-0.276;5.933;7.042;0.412;-0.125;-0.016;931.769;0.19;150.318;0;111.919;-4.055;86.859;0.315;-2.046;0.487;221.693;-5.151;-1.801;0.289;304.867;0.0;0.0;0;111.919
2021/01/06 07:03;-4.013;0.0;-2.844;-3.983;-0.275;5.934;7.041;0.491;-0.097;-0.111;931.836;0.195;166.923;0;111.919;-4.144;86.716;0.326;-2.181;0.482;221.267;-5.175;-1.97;0.687;281.758;0.0;0.0;0;111.919
2021/01/06 07:04;-4.065;0.0;-2.904;-4.032;-0.275;5.934;7.041;0.402;-0.053;-0.117;931.846;0.231;337.595;0;111.919;-4.262;86.943;0.34;-2.159;0.571;221.05;-5.172;-1.992;0.834;282.125;0.0;0.0;0;111.919
2021/01/06 07:05;-4.162;0.0;-2.987;-4.075;-0.276;5.933;7.042;0.437;-0.057;-0.129;931.846;0.231;331.598;0;111.919;-4.416;87.369;0.329;-2.069;0.467;221.115;-5.176;-1.589;0.575;283.834;0.0;0.0;0;111.919
2021/01/06 07:06;-4.262;0.0;-3.097;-4.186;-0.277;5.934;7.042;0.398;-0.121;-0.011;931.846;0.445;298.163;0;111.919;-4.543;88.046;0.322;-2.068;0.249;221.483;-5.197;-1.154;0.396;252.317;0.0;0.0;0;111.919
2021/01/06 07:07;-4.365;0.0;-3.133;-4.238;-0.275;5.933;7.042;0.386;-0.111;-0.018;931.846;0.649;285.626;0;111.919;-4.6;88.887;0.323;-2.081;0.486;221.987;-5.221;-1.742;0.387;229.958;0.0;0.0;0;111.919
2021/01/06 07:08;-4.483;0.0;-3.065;-4.192;-0.274;5.934;7.042;0.461;-0.138;-0.037;931.845;0.639;294.645;0;111.919;-4.625;89.509;0.331;-2.163;0.318;222.055;-5.243;-0.997;0.526;159.383;0.0;0.0;0;111.919
2021/01/06 07:09;-4.563;0.0;-2.997;-4.049;-0.275;5.934;7.042;0.448;-0.065;-0.135;931.845;0.567;308.779;0;111.918;-4.6;89.922;0.374;-2.181;0.27;222.217;-5.256;-0.649;0.638;68.217;0.0;0.0;0;111.918
2021/01/06 07:10;-4.554;0.0;-2.958;-3.891;-0.275;5.933;7.042;0.491;-0.123;-0.078;931.845;0.44;333.707;0;111.918;-4.507;89.924;0.405;-2.045;0.481;222.272;-5.255;-1.367;0.727;48.675;0.0;0.0;0;111.918
2021/01/06 07:11;-4.543;0.016;-2.913;-3.89;-0.277;5.933;7.042;0.449;-0.137;-0.029;931.846;0.516;183.228;0;111.918;-4.481;89.529;0.461;-2.034;0.198;222.091;-5.245;-1.953;0.793;30.475;0.0;0.0;0;111.918
2021/01/06 07:12;-4.476;0.182;-2.84;-3.922;-0.278;5.934;7.042;0.492;-0.124;-0.072;931.846;0.634;27.501;0;111.918;-4.494;89.258;0.442;-1.951;0.703;222.033;-5.229;-2.925;1.008;15.717;0.0;0.0;0;111.918
2021/01/06 07:13;-4.379;0.549;-2.714;-4.18;-0.277;5.936;7.041;0.383;-0.107;-0.025;931.846;0.657;35.909;0;111.918;-4.517;89.102;0.393;-1.951;0.476;221.929;-5.213;-1.238;1.094;22.675;0.0;0.0;0;111.918
2021/01/06 07:14;-4.358;0.561;-2.574;-3.544;-0.277;5.931;7.042;0.385;-0.059;-0.095;931.846;0.714;27.779;0;111.918;-4.603;89.164;0.446;-2.08;-0.235;221.83;-5.21;-1.18;1.026;55.933;0.0;0.0;0;111.918
2021/01/06 07:15;-4.374;0.34;-2.451;-3.18;-0.277;5.928;7.043;0.377;-0.097;-0.034;931.846;0.859;19.729;0;111.918;-4.68;89.556;0.449;-2.008;0.486;221.602;-5.212;-3.265;1.06;111.625;0.0;0.0;0;111.918
2021/01/06 07:16;-4.435;0.233;-2.344;-3.703;-0.274;5.931;7.041;0.369;-0.078;-0.061;931.846;0.958;13.565;0;111.918;-4.738;90.078;0.504;-2.282;0.304;221.438;-5.211;-2.606;1.048;159.942;0.0;0.0;0;111.918
2021/01/06 07:17;-4.544;0.071;-2.273;-3.949;-0.274;5.934;7.041;0.477;-0.132;-0.056;931.846;0.845;7.943;0;111.918;-4.755;90.568;0.587;-2.524;-0.612;221.443;-5.214;-0.985;0.837;217.908;0.0;0.0;0;111.918
2021/01/06 07:18;-4.624;0.0;-2.236;-3.517;-0.282;5.934;7.042;0.451;-0.063;-0.136;931.846;0.935;1.486;0;111.918;-4.751;90.819;0.472;-2.24;-0.486;221.354;-5.223;0.133;0.595;167.916;0.0;0.0;0;111.918
2021/01/06 07:19;-4.664;0.0;-2.195;-3.428;-0.286;5.935;7.042;0.371;-0.077;-0.058;931.846;1.058;179.489;0;111.918;-4.772;90.88;0.357;-2.177;0.059;221.41;-5.239;-0.217;0.488;154.364;0.0;0.0;0;111.918
2021/01/06 07:20;-4.656;0.0;-2.147;-4.516;-0.277;5.94;7.039;0.492;-0.091;-0.119;931.846;0.92;358.509;0;111.917;-4.799;90.94;0.408;-2.373;0.131;221.65;-5.261;-1.552;0.402;217.815;0.0;0.0;0;111.917
2021/01/06 07:21;-4.65;0.0;-2.14;-4.385;-0.273;5.938;7.04;0.467;-0.07;-0.135;931.846;0.74;184.22;0;111.917;-4.803;91.082;0.357;-2.246;0.957;221.732;-5.281;-2.639;0.513;115.133;0.0;0.0;0;111.917
2021/01/06 07:22;-4.68;0.0;-2.232;-3.856;-0.273;5.934;7.041;0.437;-0.059;-0.132;931.846;0.568;5.258;0;111.917;-4.772;91.277;0.238;-2.071;1.888;221.641;-5.298;-3.327;0.576;65.958;0.0;0.0;0;111.917
2021/01/06 07:23;-4.692;0.0;-2.391;-4.122;-0.276;5.936;7.041;0.379;-0.063;-0.086;931.846;0.441;3.467;0;111.917;-4.714;91.352;0.313;-2.095;1.741;221.599;-5.313;-3.701;0.593;118.442;0.0;0.0;0;111.917
2021/01/06 07:24;-4.67;0.0;-2.567;-3.974;-0.28;5.935;7.042;0.49;-0.125;-0.071;931.847;0.475;5.394;0;111.917;-4.665;91.195;0.4;-2.371;0.37;221.648;-5.325;-1.531;0.635;188.7;0.0;0.0;0;111.917
2021/01/06 07:25;-4.614;0.0;-2.681;-4.473;-0.277;5.938;7.04;0.439;-0.057;-0.131;931.846;0.619;181.465;0;111.917;-4.674;90.815;0.357;-2.434;-0.193;221.48;-5.335;-0.018;0.87;128.225;0.0;0.0;0;111.917
2021/01/06 07:26;-4.54;0.0;-2.717;-5.108;-0.271;5.94;7.039;0.475;-0.074;-0.132;931.898;0.662;181.483;0;111.916;-4.737;90.634;0.316;-1.943;1.17;221.354;-5.34;-2.89;1.114;95.892;0.0;0.0;0;111.917
2021/01/06 07:27;-4.488;0.0;-2.688;-4.151;-0.277;5.935;7.041;0.399;-0.116;-0.018;931.998;0.638;182.043;0;111.916;-4.738;90.811;0.411;-1.939;1.035;221.395;-5.32;-3.126;1.11;223.558;0.0;0.0;0;111.916
2021/01/06 07:28;-4.54;0.0;-2.631;-4.33;-0.279;5.938;7.041;0.473;-0.076;-0.128;932.046;0.809;183.777;0;111.916;-4.693;90.678;0.441;-2.229;-0.135;221.348;-5.29;-0.154;1.166;173.258;0.0;0.0;0;111.916
2021/01/06 07:29;-4.624;0.0;-2.599;-4.315;-0.272;5.935;7.041;0.468;-0.073;-0.132;932.045;0.947;8.029;0;111.916;-4.716;90.444;0.368;-1.97;0.433;221.476;-5.273;-1.458;1.115;90.292;0.0;0.0;0;111.916
2021/01/06 07:30;-4.557;0.0;-2.491;-3.196;-0.279;5.93;7.044;0.387;-0.11;-0.021;932.046;1.044;176.888;0;111.916;-4.731;90.554;0.442;-1.789;0.708;221.597;-5.257;-3.224;1.043;183.592;0.0;0.0;0;111.916
2021/01/06 07:31;-4.511;0.008;-2.3;-3.601;-0.274;5.932;7.043;0.456;-0.065;-0.133;932.046;1.179;176.506;0;111.916;-4.729;90.641;0.491;-1.88;-0.008;221.524;-5.246;-1.2;1.01;158.692;0.0;0.0;0;111.916
2021/01/06 07:32;-4.579;0.008;-2.133;-3.947;-0.27;5.935;7.041;0.451;-0.14;-0.027;932.046;1.018;8.368;0;111.916;-4.736;90.674;0.425;-1.637;1.256;221.431;-5.245;-3.274;1.015;57.558;0.0;0.0;0;111.916
2021/01/06 07:33;-4.597;0.0;-2.065;-3.716;-0.281;5.939;7.041;0.374;-0.064;-0.074;932.047;0.96;6.458;0;111.916;-4.729;90.733;0.374;-1.508;2.182;221.312;-5.252;-4.478;0.926;91.542;0.0;0.0;0;111.916
2021/01/06 07:34;-4.599;0.0;-2.096;-3.806;-0.274;5.936;7.042;0.487;-0.089;-0.114;932.046;0.997;7.111;0;111.916;-4.726;90.764;0.391;-1.776;1.191;221.15;-5.265;-2.621;0.744;186.008;0.0;0.0;0;111.916
2021/01/06 07:35;-4.603;0.0;-2.147;-3.594;-0.269;5.932;7.042;0.385;-0.106;-0.024;932.046;1.004;9.297;0;111.916;-4.74;90.732;0.402;-1.904;1.669;220.986;-5.286;-4.396;0.658;279.633;0.0;0.0;0;111.916
2021/01/06 07:36;-4.587;0.0;-2.164;-3.58;-0.28;5.937;7.041;0.371;-0.091;-0.038;932.047;0.935;180.46;0;111.916;-4.762;90.677;0.413;-2.074;1.665;220.874;-5.31;-5.305;0.594;309.433;0.0;0.0;0;111.916
2021/01/06 07:37;-4.578;0.0;-2.194;-3.847;-0.278;5.938;7.04;0.481;-0.132;-0.055;932.047;0.789;355.551;0;111.915;-4.778;90.684;0.384;-2.312;0.459;220.777;-5.334;-2.621;0.619;304.742;0.0;0.0;0;111.915
2021/01/06 07:38;-4.589;0.0;-2.25;-3.523;-0.275;5.933;7.042;0.451;-0.14;-0.023;932.046;0.719;357.112;0;111.915;-4.794;90.76;0.417;-2.565;0.653;220.83;-5.354;-1.641;0.71;176.225;0.0;0.0;0;111.915
2021/01/06 07:39;-4.597;0.0;-2.319;-3.505;-0.275;5.932;7.042;0.495;-0.116;-0.085;932.054;0.606;349.178;0;111.915;-4.804;90.921;0.471;-2.693;0.437;220.943;-5.371;-0.912;0.913;60.592;0.0;0.0;0;111.915
2021/01/06 07:40;-4.611;0.0;-2.41;-3.706;-0.275;5.934;7.042;0.444;-0.135;-0.025;932.132;0.58;346.769;0;111.915;-4.79;91.051;0.406;-2.34;1.027;220.933;-5.372;-1.848;1.083;41.592;0.0;0.0;0;111.915
2021/01/06 07:41;-4.637;0.0;-2.526;-3.57;-0.275;5.933;7.043;0.477;-0.131;-0.045;932.216;0.63;180.58;0;111.915;-4.781;90.994;0.46;-2.266;0.796;220.964;-5.359;-3.525;1.115;21.408;0.0;0.0;0;111.915
2021/01/06 07:42;-4.655;0.0;-2.637;-3.669;-0.276;5.933;7.042;0.43;-0.054;-0.129;932.222;0.776;11.949;0;111.915;-4.753;90.829;0.553;-2.294;-0.089;220.998;-5.351;-3.746;1.199;28.458;0.0;0.0;0;111.915
2021/01/06 07:43;-4.655;0.0;-2.683;-3.752;-0.275;5.933;7.042;0.447;-0.06;-0.134;932.216;0.949;12.054;0;111.914;-4.691;90.523;0.48;-2.092;0.475;220.956;-5.337;-2.567;1.263;38.867;0.0;0.0;0;111.914
2021/01/06 07:44;-4.646;0.0;-2.621;-3.749;-0.278;5.934;7.042;0.376;-0.1;-0.032;932.224;1.032;14.87;0;111.914;-4.637;90.148;0.473;-2.046;-0.229;221.085;-5.313;-0.52;1.331;39.942;0.0;0.0;0;111.914
2021/01/06 07:45;-4.606;0.035;-2.495;-4.213;-0.281;5.94;7.04;0.453;-0.065;-0.135;932.23;1.095;17.919;0;111.914;-4.599;89.857;0.561;-1.938;-0.195;221.15;-5.283;-1.932;1.343;18.633;0.0;0.0;0;111.914
2021/01/06 07:46;-4.545;0.069;-2.364;-3.912;-0.279;5.936;7.041;0.493;-0.093;-0.114;932.23;1.181;14.819;0;111.914;-4.596;89.705;0.519;-1.672;0.338;221.149;-5.255;-1.272;1.155;32.275;0.0;0.0;0;111.914
2021/01/06 07:47;-4.493;0.137;-2.26;-3.408;-0.27;5.929;7.042;0.415;-0.13;-0.014;932.23;1.336;10.684;0;111.914;-4.615;89.682;0.373;-1.376;0.898;221.326;-5.244;-1.351;0.791;86.5;0.0;0.0;0;111.914
2021/01/06 07:48;-4.463;0.227;-2.159;-3.857;-0.261;5.929;7.041;0.426;-0.135;-0.014;932.229;1.366;7.766;0;111.914;-4.612;89.728;0.297;-1.357;1.827;221.394;-5.24;-3.807;0.722;85.883;0.0;0.0;0;111.914
2021/01/06 07:49;-4.47;0.135;-2.05;-3.828;-0.269;5.933;7.041;0.445;-0.138;-0.024;932.229;1.136;8.848;0;111.914;-4.548;89.786;0.438;-1.615;1.254;221.331;-5.224;-3.448;0.872;49.258;0.0;0.0;0;111.914
2021/01/06 07:50;-4.482;0.011;-2.023;-3.635;-0.279;5.935;7.041;0.418;-0.13;-0.012;932.23;0.809;14.404;0;111.914;-4.443;89.588;0.484;-1.653;0.654;221.382;-5.197;-1.771;0.866;105.417;0.0;0.0;0;111.92
2021/01/06 07:51;-4.46;0.0;-2.106;-4.295;-0.282;5.94;7.039;0.493;-0.11;-0.098;932.231;0.655;17.466;0;111.974;-4.357;89.068;0.441;-1.595;1.104;221.379;-5.165;-2.425;0.848;155.142;0.0;0.0;0;111.988
2021/01/06 07:52;-4.378;0.0;-2.226;-4.25;-0.274;5.938;7.04;0.492;-0.119;-0.077;932.23;0.714;18.942;0;112.125;-4.335;88.554;0.457;-1.932;0.526;221.263;-5.144;-1.561;0.685;165.233;0.0;0.0;0;112.125
2021/01/06 07:53;-4.268;0.019;-2.285;-3.729;-0.271;5.933;7.042;0.372;-0.097;-0.035;932.274;0.771;18.002;0;112.277;-4.372;88.341;0.451;-2.416;-1.012;221.281;-5.15;1.994;0.51;157.058;0.0;0.0;0;112.276
2021/01/06 07:54;-4.201;0.021;-2.302;-3.26;-0.278;5.932;7.042;0.425;-0.133;-0.015;932.384;0.726;10.701;0;112.427;-4.415;88.412;0.462;-2.595;-0.929;221.301;-5.163;1.214;0.509;170.633;0.0;0.0;0;112.428
2021/01/06 07:55;-4.209;0.001;-2.365;-3.669;-0.27;5.933;7.042;0.489;-0.093;-0.117;932.45;0.606;179.503;0;112.579;-4.476;88.487;0.387;-2.415;0.474;221.146;-5.179;-1.77;0.489;224.707;0.0;0.0;0;112.58
2021/01/06 07:56;-4.263;0.0;-2.458;-4.683;-0.266;5.941;7.039;0.484;-0.089;-0.122;932.449;0.536;180.23;0;112.73;-4.564;88.557;0.341;-2.389;0.861;220.962;-5.209;-2.295;0.495;220.116;0.0;0.0;0;112.731
2021/01/06 07:57;-4.313;0.0;-2.578;-4.423;-0.272;5.94;7.039;0.496;-0.109;-0.094;932.45;0.527;183.699;0;112.882;-4.656;88.805;0.348;-2.577;0.369;220.854;-5.252;-1.441;0.422;228.048;0.0;0.0;0;112.883
2021/01/06 07:58;-4.391;0.0;-2.71;-3.972;-0.273;5.936;7.041;0.441;-0.139;-0.03;932.45;0.517;352.09;0;113.034;-4.74;89.169;0.335;-2.676;0.28;220.819;-5.297;-1.319;0.294;247.425;0.0;0.0;0;113.035
2021/01/06 07:59;-4.485;0.0;-2.829;-3.736;-0.276;5.934;7.042;0.494;-0.102;-0.132;932.451;0.371;331.208;0;113.187;-4.809;89.577;0.328;-2.715;0.388;220.918;-5.341;-1.812;0.249;236.078;0.0;0.0;0;113.187
2021/01/06 08:00;-4.544;0.0;-3.042;-3.819;-0.278;5.934;7.042;0.408;-0.124;-0.015;932.452;0.293;312.11;0;113.339;-4.852;89.94;0.317;-2.669;0.879;220.944;-5.382;-2.458;0.32;163.933;0.0;0.0;0;113.339
2021/01/06 08:01;-4.609;0.0;-3.278;-4.223;-0.275;5.934;7.042;0.379;-0.105;-0.027;932.451;0.295;308.708;0;113.492;-4.863;90.264;0.317;-2.617;1.2;220.822;-5.405;-2.617;0.6;62.54;0.0;0.0;0;113.492
2021/01/06 08:02;-4.68;0.0;-3.413;-4.282;-0.275;5.933;7.042;0.47;-0.074;-0.132;932.45;0.244;323.047;0;113.644;-4.856;90.679;0.31;-2.704;0.68;220.851;-5.414;-1.196;0.829;18.317;0.0;0.0;0;113.644
2021/01/06 08:03;-4.721;0.0;-3.498;-4.21;-0.276;5.933;7.043;0.49;-0.128;-0.067;932.45;0.304;178.374;0;113.797;-4.874;91.016;0.328;-2.776;0.26;220.923;-5.417;-0.899;0.936;21.208;0.0;0.0;0;113.797
2021/01/06 08:04;-4.73;0.0;-3.538;-4.359;-0.275;5.933;7.042;0.449;-0.139;-0.022;932.45;0.517;26.744;0;113.95;-4.902;91.225;0.346;-2.432;1.061;220.934;-5.408;-3.166;0.964;24.2;0.0;0.0;0;113.95
2021/01/06 08:05;-4.716;0.002;-3.475;-5.029;-0.271;5.936;7.04;0.474;-0.135;-0.045;932.45;0.732;32.007;0;114.103;-4.853;91.438;0.345;-2.203;1.591;220.999;-5.396;-4.579;0.94;21.958;0.0;0.0;0;114.103
2021/01/06 08:06;-4.717;0.042;-3.287;-4.69;-0.275;5.937;7.04;0.457;-0.066;-0.132;932.45;0.812;30.909;0;114.256;-4.811;91.244;0.369;-2.461;0.543;220.993;-5.391;-2.393;0.724;105.953;0.0;0.0;0;114.257
2021/01/06 08:07;-4.755;0.143;-3.056;-3.982;-0.273;5.93;7.043;0.438;-0.137;-0.016;932.45;0.856;25.013;0;114.41;-4.857;90.884;0.379;-2.268;1.017;220.854;-5.404;-2.556;0.379;192.642;0.0;0.0;0;114.41
2021/01/06 08:08;-4.697;0.139;-2.845;-3.517;-0.27;5.926;7.044;0.389;-0.112;-0.019;932.49;0.915;22.573;0;114.567;-4.901;90.966;0.354;-2.154;1.391;220.638;-5.433;-2.494;0.324;221.048;0.0;0.0;0;114.564
2021/01/06 08:09;-4.663;0.094;-2.65;-3.618;-0.275;5.931;7.043;0.389;-0.115;-0.014;932.58;0.775;21.944;0;114.721;-4.912;91.2;0.366;-2.311;0.849;220.657;-5.464;-1.918;0.281;227.85;0.0;0.0;0;114.718
2021/01/06 08:10;-4.743;0.058;-2.574;-4.212;-0.272;5.934;7.041;0.481;-0.132;-0.055;932.63;0.466;183.712;0;114.87;-4.925;91.167;0.395;-2.142;1.77;220.612;-5.493;-4.714;0.329;201.367;0.0;0.0;0;114.872
2021/01/06 08:11;-4.781;0.0;-2.642;-3.873;-0.275;5.933;7.042;0.424;-0.135;-0.016;932.632;0.37;323.439;0;115.023;-5.014;90.766;0.351;-2.191;1.495;220.406;-5.527;-2.394;0.437;195.9;0.0;0.0;0;115.026
2021/01/06 08:12;-4.795;0.0;-2.794;-3.844;-0.278;5.933;7.043;0.419;-0.128;-0.013;932.632;0.365;258.436;0;115.178;-5.115;90.738;0.336;-2.462;0.221;220.465;-5.564;0.615;0.292;191.292;0.0;0.0;0;115.181
2021/01/06 08:13;-4.834;0.0;-2.998;-4.084;-0.275;5.933;7.043;0.493;-0.114;-0.089;932.632;0.307;215.947;0;115.333;-5.123;91.286;0.318;-2.487;0.258;220.536;-5.599;-0.667;0.316;169.191;0.0;0.0;0;115.336
2021/01/06 08:14;-4.956;0.0;-3.169;-4.324;-0.274;5.934;7.042;0.403;-0.055;-0.116;932.632;0.27;213.283;0;115.488;-5.096;91.667;0.31;-2.384;0.414;220.554;-5.625;-0.324;0.529;93.9;0.0;0.0;0;115.491
2021/01/06 08:15;-5.04;0.0;-3.317;-4.417;-0.274;5.935;7.042;0.451;-0.138;-0.025;932.632;0.207;228.727;0;115.643;-5.055;91.897;0.337;-2.286;-0.045;220.711;-5.634;0.413;0.71;24.308;0.0;0.0;0;115.646
2021/01/06 08:16;-5.023;0.0;-3.465;-4.353;-0.274;5.934;7.042;0.378;-0.103;-0.028;932.632;0.226;124.046;0;115.798;-5.028;92.036;0.338;-2.291;0.218;220.873;-5.632;0.721;0.836;21.633;0.0;0.0;0;115.801
2021/01/06 08:17;-4.989;0.0;-3.517;-4.558;-0.275;5.936;7.042;0.37;-0.083;-0.047;932.633;0.374;17.825;0;115.954;-4.977;92.145;0.377;-2.431;-0.096;220.918;-5.614;2.441;0.936;24.0;0.0;0.0;0;115.957
2021/01/06 08:18;-4.93;0.022;-3.407;-4.437;-0.275;5.936;7.042;0.431;-0.132;-0.014;932.633;0.569;30.043;0;116.11;-4.842;92.112;0.381;-1.933;0.869;221.01;-5.586;0.554;0.88;26.283;0.0;0.0;0;116.113
2021/01/06 08:19;-4.881;0.071;-3.142;-3.94;-0.275;5.933;7.043;0.485;-0.128;-0.062;932.632;0.68;33.696;0;116.266;-4.747;91.55;0.377;-1.53;1.532;221.124;-5.565;-1.572;0.706;37.808;0.0;0.0;0;116.269
2021/01/06 08:20;-4.78;0.264;-2.777;-3.709;-0.274;5.933;7.043;0.424;-0.057;-0.125;932.632;0.76;38.833;0;116.422;-4.755;90.944;0.396;-1.334;1.888;221.172;-5.557;-1.079;0.608;53.483;0.0;0.0;0;116.425
2021/01/06 08:21;-4.612;0.577;-2.343;-3.452;-0.274;5.934;7.043;0.376;-0.064;-0.085;932.632;0.769;37.594;0;116.579;-4.797;90.717;0.419;-1.208;2.178;221.176;-5.553;-0.655;0.608;162.017;0.0;0.0;0;116.581
2021/01/06 08:22;-4.565;0.61;-1.878;-3.118;-0.276;5.936;7.043;0.371;-0.087;-0.046;932.632;0.704;39.694;0;116.735;-4.839;90.673;0.409;-1.216;1.415;221.075;-5.546;0.282;0.577;272.87;0.0;0.0;0;116.738
2021/01/06 08:23;-4.613;0.278;-1.494;-2.966;-0.276;5.936;7.042;0.494;-0.104;-0.098;932.631;0.638;40.407;0;116.892;-4.879;90.765;0.373;-0.704;2.935;220.926;-5.547;-2.81;0.55;185.661;0.0;0.0;0;116.895
2021/01/06 08:24;-4.65;0.03;-1.221;-2.937;-0.274;5.937;7.042;0.461;-0.139;-0.03;932.632;0.564;197.43;0;117.049;-4.887;91.169;0.407;-0.544;2.575;220.762;-5.55;-1.746;0.606;62.867;0.0;0.0;0;117.052
2021/01/06 08:25;-4.708;0.0;-0.996;-2.476;-0.275;5.937;7.043;0.496;-0.115;-0.082;932.632;0.49;347.287;0;117.207;-4.87;91.596;0.366;-0.47;2.172;220.656;-5.548;1.113;0.729;78.183;0.0;0.0;0;117.209
2021/01/06 08:26;-4.75;0.0;-0.803;-1.746;-0.275;5.934;7.044;0.445;-0.138;-0.018;932.632;0.554;342.288;0;117.365;-4.838;91.859;0.303;0.2;4.118;220.585;-5.536;-2.583;0.984;68.633;0.0;0.0;0;117.367
2021/01/06 08:27;-4.73;0.0;-0.6;-1.512;-0.278;5.935;7.044;0.394;-0.057;-0.106;932.633;0.639;175.238;0;117.522;-4.835;91.891;0.267;0.639;4.517;220.519;-5.518;-3.032;1.214;15.442;0.0;0.0;0;117.525
2021/01/06 08:28;-4.691;0.0;-0.38;-1.546;-0.276;5.936;7.043;0.491;-0.096;-0.114;932.633;0.745;4.197;0;117.68;-4.89;91.823;0.313;0.641;3.598;220.681;-5.488;-0.25;1.108;13.05;0.0;0.0;0;117.683
2021/01/06 08:29;-4.674;0.031;-0.124;-1.805;-0.268;5.937;7.042;0.495;-0.088;-0.12;932.632;0.984;8.013;0;117.838;-4.945;91.946;0.44;0.626;2.948;220.904;-5.461;0.955;0.903;22.342;0.0;0.0;0;117.841
2021/01/06 08:30;-4.717;0.117;0.236;-1.878;-0.267;5.94;7.041;0.487;-0.127;-0.072;932.633;1.095;13.357;0;117.997;-4.95;92.188;0.416;1.136;4.387;220.974;-5.435;-2.157;0.8;35.842;0.0;0.0;0;118.0
2021/01/06 08:31;-4.801;0.117;0.635;-1.339;-0.273;5.943;7.041;0.489;-0.121;-0.073;932.633;0.986;19.956;0;118.156;-4.871;92.491;0.416;1.923;5.679;221.09;-5.397;-4.66;0.722;43.625;0.0;0.0;0;118.159
2021/01/06 08:32;-4.854;0.032;0.998;-0.304;-0.282;5.944;7.042;0.428;-0.055;-0.124;932.633;0.869;29.444;0;118.318;-4.742;92.617;0.466;2.54;5.943;221.435;-5.36;-4.462;0.566;63.2;0.0;0.0;0;118.318
2021/01/06 08:33;-4.821;0.072;1.313;1.061;-0.282;5.935;7.044;0.415;-0.05;-0.109;932.632;0.855;42.684;0;118.476;-4.6;92.35;0.507;2.993;5.776;221.675;-5.31;-2.779;0.4;101.708;0.0;0.0;0;118.477
2021/01/06 08:34;-4.679;0.373;1.677;1.917;-0.28;5.929;7.046;0.383;-0.101;-0.02;932.632;0.813;53.483;0;118.636;-4.442;91.554;0.46;3.444;5.583;221.81;-5.253;-1.56;0.322;136.517;0.0;0.0;0;118.636
2021/01/06 08:35;-4.516;0.807;2.136;1.795;-0.283;5.935;7.044;0.381;-0.062;-0.064;932.633;0.599;75.191;0;118.796;-4.301;90.369;0.384;4.083;6.637;222.046;-5.212;-2.672;0.217;162.899;0.0;0.0;0;118.796
2021/01/06 08:36;-4.365;0.706;2.606;1.551;-0.277;5.938;7.042;0.454;-0.137;-0.062;932.663;0.363;117.574;0;118.956;-4.223;89.333;0.429;4.383;6.683;222.216;-5.185;-2.465;0.216;143.573;0.0;0.0;0;118.956
2021/01/06 08:37;-4.215;0.466;3.046;2.158;-0.27;5.932;7.043;0.484;-0.127;-0.083;932.763;0.253;128.986;0;119.116;-4.189;88.6;0.498;4.677;7.116;222.353;-5.153;-2.76;0.2;137.303;0.0;0.0;0;119.116
2021/01/06 08:38;-4.122;0.373;3.494;2.764;-0.267;5.931;7.046;0.38;-0.06;-0.093;932.831;0.137;125.017;-0.498;119.277;-4.17;88.028;0.498;4.954;7.443;222.366;-5.119;-2.04;0.276;139.97;0.0;0.0;0;119.277
2021/01/06 08:39;-4.101;0.107;3.952;3.201;-0.274;5.936;7.044;0.376;-0.061;-0.084;932.831;0.11;125.919;-0.244;119.438;-4.152;87.705;0.492;5.275;7.551;222.486;-5.076;-1.785;0.324;104.892;0.0;0.0;-0.238;119.438
2021/01/06 08:40;-4.098;0.003;4.341;3.132;-0.272;5.941;7.043;0.449;-0.056;-0.127;932.832;0.179;114.07;0.019;119.599;-4.135;87.568;0.468;5.812;8.464;222.68;-5.033;-2.568;0.241;74.067;0.0;0.0;-0.007;119.599
2021/01/06 08:41;-4.094;0.006;4.653;3.732;-0.271;5.938;7.044;0.493;-0.115;-0.088;932.833;0.217;107.148;0.156;119.76;-4.125;87.561;0.471;6.269;8.845;222.652;-5.004;-2.597;0.301;53.792;0.0;0.0;0.157;119.76
